BIOCHEMICAL,SUPER_PATHWAY,SUB_PATHWAY
asparagine,Amino Acid,Alanine and Aspartate Metabolism
"N,N-dimethylalanine",Amino Acid,Alanine and Aspartate Metabolism
N-acetylasparagine,Amino Acid,Alanine and Aspartate Metabolism
N-acetylaspartate (NAA),Amino Acid,Alanine and Aspartate Metabolism
N-methylalanine,Amino Acid,Alanine and Aspartate Metabolism
N-propionylalanine,Amino Acid,Alanine and Aspartate Metabolism
creatine,Amino Acid,Creatine Metabolism
creatinine,Amino Acid,Creatine Metabolism
guanidinoacetate,Amino Acid,Creatine Metabolism
N-methylhydantoin,Amino Acid,Creatine Metabolism
4-hydroxyglutamate,Amino Acid,Glutamate Metabolism
alpha-ketoglutaramate*,Amino Acid,Glutamate Metabolism
beta-citrylglutamate,Amino Acid,Glutamate Metabolism
gamma-aminobutyrate (GABA),Amino Acid,Glutamate Metabolism
glutamate,Amino Acid,Glutamate Metabolism
N-acetyl-aspartyl-glutamate (NAAG),Amino Acid,Glutamate Metabolism
N-acetylglutamine,Amino Acid,Glutamate Metabolism
N-methyl-GABA,Amino Acid,Glutamate Metabolism
propionylglutamine,Amino Acid,Glutamate Metabolism
pyroglutamine*,Amino Acid,Glutamate Metabolism
2-hydroxybutyrate/2-hydroxyisobutyrate,Amino Acid,Glutathione Metabolism
5-oxoproline,Amino Acid,Glutathione Metabolism
cysteinylglycine,Amino Acid,Glutathione Metabolism
cysteinylglycine disulfide*,Amino Acid,Glutathione Metabolism
2-methylserine,Amino Acid,"Glycine, Serine and Threonine Metabolism"
allo-threonine,Amino Acid,"Glycine, Serine and Threonine Metabolism"
N-acetylglycine,Amino Acid,"Glycine, Serine and Threonine Metabolism"
N-acetylthreonine,Amino Acid,"Glycine, Serine and Threonine Metabolism"
O-acetylhomoserine,Amino Acid,"Glycine, Serine and Threonine Metabolism"
sarcosine,Amino Acid,"Glycine, Serine and Threonine Metabolism"
threonine,Amino Acid,"Glycine, Serine and Threonine Metabolism"
1-methylguanidine,Amino Acid,Guanidino and Acetamido Metabolism
4-guanidinobutanoate,Amino Acid,Guanidino and Acetamido Metabolism
guanidinosuccinate,Amino Acid,Guanidino and Acetamido Metabolism
1-methyl-4-imidazoleacetate,Amino Acid,Histidine Metabolism
1-methylhistamine,Amino Acid,Histidine Metabolism
1-methylhistidine,Amino Acid,Histidine Metabolism
1-ribosyl-imidazoleacetate*,Amino Acid,Histidine Metabolism
3-methylhistidine,Amino Acid,Histidine Metabolism
4-imidazoleacetate,Amino Acid,Histidine Metabolism
anserine,Amino Acid,Histidine Metabolism
carnosine,Amino Acid,Histidine Metabolism
cis-urocanate,Amino Acid,Histidine Metabolism
formiminoglutamate,Amino Acid,Histidine Metabolism
histamine,Amino Acid,Histidine Metabolism
hydantoin-5-propionate,Amino Acid,Histidine Metabolism
imidazole lactate,Amino Acid,Histidine Metabolism
imidazole propionate,Amino Acid,Histidine Metabolism
N-acetyl-1-methylhistidine*,Amino Acid,Histidine Metabolism
N-acetyl-3-methylhistidine*,Amino Acid,Histidine Metabolism
N-acetylcarnosine,Amino Acid,Histidine Metabolism
N-acetylhistamine,Amino Acid,Histidine Metabolism
N-acetylhistidine,Amino Acid,Histidine Metabolism
trans-urocanate,Amino Acid,Histidine Metabolism
1-carboxyethylisoleucine,Amino Acid,"Leucine, Isoleucine and Valine Metabolism"
1-carboxyethylleucine,Amino Acid,"Leucine, Isoleucine and Valine Metabolism"
1-carboxyethylvaline,Amino Acid,"Leucine, Isoleucine and Valine Metabolism"
"2,3-dihydroxy-2-methylbutyrate",Amino Acid,"Leucine, Isoleucine and Valine Metabolism"
"2,3-dimethylsuccinate",Amino Acid,"Leucine, Isoleucine and Valine Metabolism"
2-methylbutyrylcarnitine (C5),Amino Acid,"Leucine, Isoleucine and Valine Metabolism"
3-hydroxyisobutyrate,Amino Acid,"Leucine, Isoleucine and Valine Metabolism"
3-methyl-2-oxobutyrate,Amino Acid,"Leucine, Isoleucine and Valine Metabolism"
3-methyl-2-oxovalerate,Amino Acid,"Leucine, Isoleucine and Valine Metabolism"
3-methylglutarylcarnitine (2),Amino Acid,"Leucine, Isoleucine and Valine Metabolism"
4-methyl-2-oxopentanoate,Amino Acid,"Leucine, Isoleucine and Valine Metabolism"
5-methylnorleucine,Amino Acid,"Leucine, Isoleucine and Valine Metabolism"
alpha-hydroxyisocaproate,Amino Acid,"Leucine, Isoleucine and Valine Metabolism"
beta-hydroxyisovalerate,Amino Acid,"Leucine, Isoleucine and Valine Metabolism"
beta-hydroxyisovaleroylcarnitine,Amino Acid,"Leucine, Isoleucine and Valine Metabolism"
isobutyrylcarnitine (C4),Amino Acid,"Leucine, Isoleucine and Valine Metabolism"
isobutyrylglycine (C4),Amino Acid,"Leucine, Isoleucine and Valine Metabolism"
isovalerate (C5),Amino Acid,"Leucine, Isoleucine and Valine Metabolism"
isovalerylglycine,Amino Acid,"Leucine, Isoleucine and Valine Metabolism"
leucine,Amino Acid,"Leucine, Isoleucine and Valine Metabolism"
N-acetylleucine,Amino Acid,"Leucine, Isoleucine and Valine Metabolism"
N-acetylvaline,Amino Acid,"Leucine, Isoleucine and Valine Metabolism"
N-butyryl-isoleucine,Amino Acid,"Leucine, Isoleucine and Valine Metabolism"
N-butyryl-leucine,Amino Acid,"Leucine, Isoleucine and Valine Metabolism"
N-methylleucine,Amino Acid,"Leucine, Isoleucine and Valine Metabolism"
N-succinyl-leucine,Amino Acid,"Leucine, Isoleucine and Valine Metabolism"
tiglyl carnitine (C5),Amino Acid,"Leucine, Isoleucine and Valine Metabolism"
valine,Amino Acid,"Leucine, Isoleucine and Valine Metabolism"
2-aminoadipate,Amino Acid,Lysine Metabolism
5-(galactosylhydroxy)-L-lysine,Amino Acid,Lysine Metabolism
5-hydroxylysine,Amino Acid,Lysine Metabolism
6-oxopiperidine-2-carboxylate,Amino Acid,Lysine Metabolism
cadaverine,Amino Acid,Lysine Metabolism
fructosyllysine,Amino Acid,Lysine Metabolism
glutarylcarnitine (C5-DC),Amino Acid,Lysine Metabolism
"hydroxy-N6,N6,N6-trimethyllysine*",Amino Acid,Lysine Metabolism
lysine,Amino Acid,Lysine Metabolism
"N,N,N-trimethyl-5-aminovalerate",Amino Acid,Lysine Metabolism
"N,N-dimethyl-5-aminovalerate",Amino Acid,Lysine Metabolism
N2-acetyllysine,Amino Acid,Lysine Metabolism
"N6,N6,N6-trimethyllysine",Amino Acid,Lysine Metabolism
"N6,N6-dimethyllysine",Amino Acid,Lysine Metabolism
N6-acetyllysine,Amino Acid,Lysine Metabolism
N6-formyllysine,Amino Acid,Lysine Metabolism
saccharopine,Amino Acid,Lysine Metabolism
"2,3-dihydroxy-5-methylthio-4-pentenoate (DMTPA)*",Amino Acid,"Methionine, Cysteine, SAM and Taurine Metabolism"
2-hydroxy-4-(methylthio)butanoic acid,Amino Acid,"Methionine, Cysteine, SAM and Taurine Metabolism"
3-sulfo-L-alanine,Amino Acid,"Methionine, Cysteine, SAM and Taurine Metabolism"
4-methylthio-2-oxobutanoate,Amino Acid,"Methionine, Cysteine, SAM and Taurine Metabolism"
cysteine,Amino Acid,"Methionine, Cysteine, SAM and Taurine Metabolism"
cysteine sulfinic acid,Amino Acid,"Methionine, Cysteine, SAM and Taurine Metabolism"
cystine,Amino Acid,"Methionine, Cysteine, SAM and Taurine Metabolism"
hypotaurine,Amino Acid,"Methionine, Cysteine, SAM and Taurine Metabolism"
methionine sulfone,Amino Acid,"Methionine, Cysteine, SAM and Taurine Metabolism"
methionine sulfoxide,Amino Acid,"Methionine, Cysteine, SAM and Taurine Metabolism"
N-acetylmethionine,Amino Acid,"Methionine, Cysteine, SAM and Taurine Metabolism"
N-acetylmethionine sulfoxide,Amino Acid,"Methionine, Cysteine, SAM and Taurine Metabolism"
N-acetyltaurine,Amino Acid,"Methionine, Cysteine, SAM and Taurine Metabolism"
N-formylmethionine,Amino Acid,"Methionine, Cysteine, SAM and Taurine Metabolism"
N-propionylmethionine,Amino Acid,"Methionine, Cysteine, SAM and Taurine Metabolism"
S-carboxyethylcysteine,Amino Acid,"Methionine, Cysteine, SAM and Taurine Metabolism"
S-methylcysteine,Amino Acid,"Methionine, Cysteine, SAM and Taurine Metabolism"
S-methylmethionine,Amino Acid,"Methionine, Cysteine, SAM and Taurine Metabolism"
succinoyltaurine,Amino Acid,"Methionine, Cysteine, SAM and Taurine Metabolism"
taurine,Amino Acid,"Methionine, Cysteine, SAM and Taurine Metabolism"
1-carboxyethylphenylalanine,Amino Acid,Phenylalanine Metabolism
2-hydroxyphenylacetate,Amino Acid,Phenylalanine Metabolism
3-hydroxyphenylacetate,Amino Acid,Phenylalanine Metabolism
4-hydroxyphenylacetate,Amino Acid,Phenylalanine Metabolism
N-butyryl-phenylalanine,Amino Acid,Phenylalanine Metabolism
N-methylphenylalanine,Amino Acid,Phenylalanine Metabolism
N-succinyl-phenylalanine,Amino Acid,Phenylalanine Metabolism
phenethylamine,Amino Acid,Phenylalanine Metabolism
phenylacetate,Amino Acid,Phenylalanine Metabolism
phenyllactate (PLA),Amino Acid,Phenylalanine Metabolism
phenylpyruvate,Amino Acid,Phenylalanine Metabolism
valerylphenylalanine,Amino Acid,Phenylalanine Metabolism
5-methylthioadenosine (MTA),Amino Acid,Polyamine Metabolism
acetylagmatine,Amino Acid,Polyamine Metabolism
agmatine,Amino Acid,Polyamine Metabolism
butyrylputrescine/isobutyrylputrescine,Amino Acid,Polyamine Metabolism
N(1)-acetylspermine,Amino Acid,Polyamine Metabolism
N-acetylputrescine,Amino Acid,Polyamine Metabolism
N-carbamoylputrescine,Amino Acid,Polyamine Metabolism
"N1,N12-diacetylspermine",Amino Acid,Polyamine Metabolism
putrescine,Amino Acid,Polyamine Metabolism
spermidine,Amino Acid,Polyamine Metabolism
spermine,Amino Acid,Polyamine Metabolism
5-hydroxypicolinic acid,Amino Acid,Tryptophan Metabolism
8-methoxykynurenate,Amino Acid,Tryptophan Metabolism
anthranilate,Amino Acid,Tryptophan Metabolism
C-glycosyltryptophan,Amino Acid,Tryptophan Metabolism
indole,Amino Acid,Tryptophan Metabolism
indole-3-carboxylate,Amino Acid,Tryptophan Metabolism
indoleacetate,Amino Acid,Tryptophan Metabolism
indoleacrylate,Amino Acid,Tryptophan Metabolism
indolelactate,Amino Acid,Tryptophan Metabolism
indolepropionate,Amino Acid,Tryptophan Metabolism
kynurenate,Amino Acid,Tryptophan Metabolism
kynurenine,Amino Acid,Tryptophan Metabolism
N-acetyltryptophan,Amino Acid,Tryptophan Metabolism
N-formylanthranilic acid,Amino Acid,Tryptophan Metabolism
serotonin,Amino Acid,Tryptophan Metabolism
tryptamine,Amino Acid,Tryptophan Metabolism
tryptophan betaine,Amino Acid,Tryptophan Metabolism
xanthurenate,Amino Acid,Tryptophan Metabolism
(R)-salsolinol,Amino Acid,Tyrosine Metabolism
1-carboxyethyltyrosine,Amino Acid,Tyrosine Metabolism
"3,4-dihydroxyphenylacetate",Amino Acid,Tyrosine Metabolism
3-(4-hydroxyphenyl)lactate (HPLA),Amino Acid,Tyrosine Metabolism
4-hydroxyphenylacetate sulfate,Amino Acid,Tyrosine Metabolism
4-hydroxyphenylpyruvate,Amino Acid,Tyrosine Metabolism
dopamine,Amino Acid,Tyrosine Metabolism
dopamine 3-O-sulfate,Amino Acid,Tyrosine Metabolism
gentisate,Amino Acid,Tyrosine Metabolism
N-acetyltyrosine,Amino Acid,Tyrosine Metabolism
o-Tyrosine,Amino Acid,Tyrosine Metabolism
phenol sulfate,Amino Acid,Tyrosine Metabolism
tyramine,Amino Acid,Tyrosine Metabolism
tyramine O-sulfate,Amino Acid,Tyrosine Metabolism
tyrosol,Amino Acid,Tyrosine Metabolism
vanillactate,Amino Acid,Tyrosine Metabolism
vanillylmandelate (VMA),Amino Acid,Tyrosine Metabolism
2-oxoarginine*,Amino Acid,Urea cycle; Arginine and Proline Metabolism
arginine,Amino Acid,Urea cycle; Arginine and Proline Metabolism
argininosuccinate,Amino Acid,Urea cycle; Arginine and Proline Metabolism
carboxy-methyl-arginine,Amino Acid,Urea cycle; Arginine and Proline Metabolism
methylurea,Amino Acid,Urea cycle; Arginine and Proline Metabolism
"N,N,N-trimethyl-alanylproline betaine (TMAP)",Amino Acid,Urea cycle; Arginine and Proline Metabolism
N-acetylarginine,Amino Acid,Urea cycle; Arginine and Proline Metabolism
N-acetylcitrulline,Amino Acid,Urea cycle; Arginine and Proline Metabolism
N-acetylhomocitrulline,Amino Acid,Urea cycle; Arginine and Proline Metabolism
N-acetylproline,Amino Acid,Urea cycle; Arginine and Proline Metabolism
N-alpha-acetylornithine,Amino Acid,Urea cycle; Arginine and Proline Metabolism
N-methylhydroxyproline,Amino Acid,Urea cycle; Arginine and Proline Metabolism
N-methylproline,Amino Acid,Urea cycle; Arginine and Proline Metabolism
N-monomethylarginine,Amino Acid,Urea cycle; Arginine and Proline Metabolism
"N2,N5-diacetylornithine",Amino Acid,Urea cycle; Arginine and Proline Metabolism
norvaline,Amino Acid,Urea cycle; Arginine and Proline Metabolism
ornithine,Amino Acid,Urea cycle; Arginine and Proline Metabolism
prolylhydroxyproline,Amino Acid,Urea cycle; Arginine and Proline Metabolism
hydroxyproline,Amino Acid,Urea cycle; Arginine and Proline Metabolism
glucosamine 6-sulfate,Carbohydrate,Aminosugar Metabolism
N-acetyl-beta-glucosaminylamine,Carbohydrate,Aminosugar Metabolism
N-acetylglucosamine 6-sulfate,Carbohydrate,Aminosugar Metabolism
N-acetylglucosamine/N-acetylgalactosamine,Carbohydrate,Aminosugar Metabolism
N-acetylglucosaminylasparagine,Carbohydrate,Aminosugar Metabolism
N-acetylmuramate,Carbohydrate,Aminosugar Metabolism
lactose,Carbohydrate,Disaccharides and Oligosaccharides
maltitol/lactitol/cellobiotol/palatinol,Carbohydrate,Disaccharides and Oligosaccharides
sucrose,Carbohydrate,Disaccharides and Oligosaccharides
fructose,Carbohydrate,"Fructose, Mannose and Galactose Metabolism"
galactitol (dulcitol),Carbohydrate,"Fructose, Mannose and Galactose Metabolism"
galactonate,Carbohydrate,"Fructose, Mannose and Galactose Metabolism"
mannose,Carbohydrate,"Fructose, Mannose and Galactose Metabolism"
maltose,Carbohydrate,Glycogen Metabolism
"1,5-anhydroglucitol (1,5-AG)",Carbohydrate,"Glycolysis, Gluconeogenesis, and Pyruvate Metabolism"
lactate,Carbohydrate,"Glycolysis, Gluconeogenesis, and Pyruvate Metabolism"
pyruvate,Carbohydrate,"Glycolysis, Gluconeogenesis, and Pyruvate Metabolism"
arabinose,Carbohydrate,Pentose Metabolism
arabitol/xylitol,Carbohydrate,Pentose Metabolism
ribitol,Carbohydrate,Pentose Metabolism
ribulonate/xylulonate/lyxonate*,Carbohydrate,Pentose Metabolism
ribulose/xylulose,Carbohydrate,Pentose Metabolism
sedoheptulose,Carbohydrate,Pentose Metabolism
xylose,Carbohydrate,Pentose Metabolism
2-O-methylascorbic acid,"Cofactors 
and Vitamins",Ascorbate and Aldarate Metabolism
ascorbic acid 2-sulfate,"Cofactors 
and Vitamins",Ascorbate and Aldarate Metabolism
ascorbic acid 3-sulfate*,"Cofactors 
and Vitamins",Ascorbate and Aldarate Metabolism
gulonate*,"Cofactors 
and Vitamins",Ascorbate and Aldarate Metabolism
threonate,"Cofactors 
and Vitamins",Ascorbate and Aldarate Metabolism
biotin,"Cofactors 
and Vitamins",Biotin Metabolism
"bilirubin (E,E)*","Cofactors 
and Vitamins",Hemoglobin and Porphyrin Metabolism
"bilirubin (E,Z or Z,E)*","Cofactors 
and Vitamins",Hemoglobin and Porphyrin Metabolism
bilirubin,"Cofactors 
and Vitamins",Hemoglobin and Porphyrin Metabolism
biliverdin,"Cofactors 
and Vitamins",Hemoglobin and Porphyrin Metabolism
D-urobilin,"Cofactors 
and Vitamins",Hemoglobin and Porphyrin Metabolism
I-urobilinogen,"Cofactors 
and Vitamins",Hemoglobin and Porphyrin Metabolism
protoporphyrin IX,"Cofactors 
and Vitamins",Hemoglobin and Porphyrin Metabolism
1-methylnicotinamide,"Cofactors 
and Vitamins",Nicotinate and Nicotinamide Metabolism
6-hydroxynicotinate,"Cofactors 
and Vitamins",Nicotinate and Nicotinamide Metabolism
N1-Methyl-2-pyridone-5-carboxamide,"Cofactors 
and Vitamins",Nicotinate and Nicotinamide Metabolism
nicotinamide riboside,"Cofactors 
and Vitamins",Nicotinate and Nicotinamide Metabolism
nicotinate ribonucleoside,"Cofactors 
and Vitamins",Nicotinate and Nicotinamide Metabolism
quinolinate,"Cofactors 
and Vitamins",Nicotinate and Nicotinamide Metabolism
trigonelline (N'-methylnicotinate),"Cofactors 
and Vitamins",Nicotinate and Nicotinamide Metabolism
pantoate,"Cofactors 
and Vitamins",Pantothenate and CoA Metabolism
pterin,"Cofactors 
and Vitamins",Pterin Metabolism
riboflavin (Vitamin B2),"Cofactors 
and Vitamins",Riboflavin Metabolism
biopterin,"Cofactors 
and Vitamins",Tetrahydrobiopterin Metabolism
5-(2-Hydroxyethyl)-4-methylthiazole,"Cofactors 
and Vitamins",Thiamine Metabolism
hydroxymethylpyrimidine,"Cofactors 
and Vitamins",Thiamine Metabolism
thiamin (Vitamin B1),"Cofactors 
and Vitamins",Thiamine Metabolism
alpha-CEHC sulfate,"Cofactors 
and Vitamins",Tocopherol Metabolism
alpha-tocopherol,"Cofactors 
and Vitamins",Tocopherol Metabolism
alpha-tocopherol acetate,"Cofactors 
and Vitamins",Tocopherol Metabolism
alpha-tocotrienol,"Cofactors 
and Vitamins",Tocopherol Metabolism
delta-tocopherol,"Cofactors 
and Vitamins",Tocopherol Metabolism
gamma-CEHC,"Cofactors 
and Vitamins",Tocopherol Metabolism
gamma-CEHC sulfate,"Cofactors 
and Vitamins",Tocopherol Metabolism
gamma-tocopherol/beta-tocopherol,"Cofactors 
and Vitamins",Tocopherol Metabolism
gamma-tocotrienol,"Cofactors 
and Vitamins",Tocopherol Metabolism
beta-cryptoxanthin,"Cofactors 
and Vitamins",Vitamin A Metabolism
carotene diol (1),"Cofactors 
and Vitamins",Vitamin A Metabolism
carotene diol (3),"Cofactors 
and Vitamins",Vitamin A Metabolism
retinol (Vitamin A),"Cofactors 
and Vitamins",Vitamin A Metabolism
pyridoxal,"Cofactors 
and Vitamins",Vitamin B6 Metabolism
pyridoxamine,"Cofactors 
and Vitamins",Vitamin B6 Metabolism
pyridoxine (Vitamin B6),"Cofactors 
and Vitamins",Vitamin B6 Metabolism
phosphate,Energy,Oxidative Phosphorylation
2-methylcitrate/homocitrate,Energy,TCA Cycle
aconitate [cis or trans],Energy,TCA Cycle
citraconate/glutaconate,Energy,TCA Cycle
citrate,Energy,TCA Cycle
fumarate,Energy,TCA Cycle
isocitric lactone,Energy,TCA Cycle
succinylcarnitine (C4-DC),Energy,TCA Cycle
tricarballylate,Energy,TCA Cycle
11-ketoetiocholanolone sulfate,Lipid,Androgenic Steroids
16a-hydroxy DHEA 3-sulfate,Lipid,Androgenic Steroids
"5alpha-androstan-3alpha,17alpha-diol disulfate",Lipid,Androgenic Steroids
"5alpha-androstan-3alpha,17beta-diol disulfate",Lipid,Androgenic Steroids
"5alpha-androstan-3alpha,17beta-diol monosulfate (1)",Lipid,Androgenic Steroids
"5alpha-androstan-3beta,17alpha-diol disulfate",Lipid,Androgenic Steroids
"5alpha-androstan-3beta,17alpha-diol monosulfate (1)",Lipid,Androgenic Steroids
"5alpha-androstan-3beta,17beta-diol disulfate",Lipid,Androgenic Steroids
"5alpha-androstan-3beta,17beta-diol monosulfate (1)",Lipid,Androgenic Steroids
"5alpha-androstan-3beta,17beta-diol monosulfate (2)",Lipid,Androgenic Steroids
"androstenediol (3alpha, 17alpha) monosulfate (2)",Lipid,Androgenic Steroids
"androstenediol (3beta,17beta) disulfate (1)",Lipid,Androgenic Steroids
"androstenediol (3beta,17beta) disulfate (2)",Lipid,Androgenic Steroids
"androstenediol (3beta,17beta) monosulfate (1)",Lipid,Androgenic Steroids
"androstenediol (3beta,17beta) monosulfate (2)",Lipid,Androgenic Steroids
androsterone sulfate,Lipid,Androgenic Steroids
dehydroepiandrosterone sulfate (DHEA-S),Lipid,Androgenic Steroids
epiandrosterone sulfate,Lipid,Androgenic Steroids
deoxycarnitine,Lipid,Carnitine Metabolism
"ceramide (d16:1/24:1, d18:1/22:1)*",Lipid,Ceramides
"ceramide (d18:1/20:0, d16:1/22:0, d20:1/18:0)*",Lipid,Ceramides
"ceramide (d18:2/24:1, d18:1/24:2)*",Lipid,Ceramides
N-(2-hydroxypalmitoyl)-sphingosine (d18:1/16:0(2OH)),Lipid,Ceramides
N-behenoyl-sphingadienine (d18:2/22:0)*,Lipid,Ceramides
N-oleoyl-sphingosine (d18:1/18:1)*,Lipid,Ceramides
N-palmitoyl-heptadecasphingosine (d17:1/16:0)*,Lipid,Ceramides
N-palmitoyl-sphingosine (d18:1/16:0),Lipid,Ceramides
cortolone glucuronide (1),Lipid,Corticosteroids
tetrahydrocortisol disulfate,Lipid,Corticosteroids
tetrahydrocortisol glucuronide ,Lipid,Corticosteroids
tetrahydrocortisol sulfate (1),Lipid,Corticosteroids
tetrahydrocortisol sulfate (2),Lipid,Corticosteroids
tetrahydrocortisone,Lipid,Corticosteroids
linolenoyl-linolenoyl-glycerol (18:3/18:3) [1]*,Lipid,Diacylglycerol
linolenoyl-linolenoyl-glycerol (18:3/18:3) [2]*,Lipid,Diacylglycerol
linoleoyl-arachidonoyl-glycerol (18:2/20:4) [2]*,Lipid,Diacylglycerol
linoleoyl-linolenoyl-glycerol (18:2/18:3) [1]*,Lipid,Diacylglycerol
linoleoyl-linolenoyl-glycerol (18:2/18:3) [2]*,Lipid,Diacylglycerol
linoleoyl-linoleoyl-glycerol (18:2/18:2) [1]*,Lipid,Diacylglycerol
linoleoyl-linoleoyl-glycerol (18:2/18:2) [2]*,Lipid,Diacylglycerol
oleoyl-arachidonoyl-glycerol (18:1/20:4) [2]*,Lipid,Diacylglycerol
oleoyl-linolenoyl-glycerol (18:1/18:3) [2]*,Lipid,Diacylglycerol
oleoyl-linoleoyl-glycerol (18:1/18:2) [1],Lipid,Diacylglycerol
oleoyl-linoleoyl-glycerol (18:1/18:2) [2],Lipid,Diacylglycerol
oleoyl-oleoyl-glycerol (18:1/18:1)  [1]*,Lipid,Diacylglycerol
oleoyl-oleoyl-glycerol (18:1/18:1) [2]*,Lipid,Diacylglycerol
palmitoyl-linolenoyl-glycerol (16:0/18:3) [2]*,Lipid,Diacylglycerol
palmitoyl-linoleoyl-glycerol (16:0/18:2) [1]*,Lipid,Diacylglycerol
SQDG (18:3/16:0),Lipid,Diacylglycerol
stearoyl-linoleoyl-glycerol (18:0/18:2) [2]*,Lipid,Diacylglycerol
N-stearoyl-sphinganine (d18:0/18:0)*,Lipid,Dihydroceramides
palmitoyl dihydrosphingomyelin (d18:0/16:0)*,Lipid,Dihydrosphingomyelins
"sphingomyelin (d18:0/18:0, d19:0/17:0)*",Lipid,Dihydrosphingomyelins
arachidonoyl ethanolamide,Lipid,Endocannabinoid
arachidoyl ethanolamide (20:0)*,Lipid,Endocannabinoid
behenoyl ethanolamide (22:0)*,Lipid,Endocannabinoid
hexanoyltaurine,Lipid,Endocannabinoid
isocaproyltaurine,Lipid,Endocannabinoid
lignoceroyl ethanolamide (24:0)*,Lipid,Endocannabinoid
linolenoyl ethanolamide,Lipid,Endocannabinoid
linoleoyl ethanolamide,Lipid,Endocannabinoid
margaroyl ethanolamide*,Lipid,Endocannabinoid
N-linoleoyltaurine*,Lipid,Endocannabinoid
N-oleoylserine,Lipid,Endocannabinoid
N-oleoyltaurine,Lipid,Endocannabinoid
N-palmitoyltaurine,Lipid,Endocannabinoid
N-stearoyltaurine,Lipid,Endocannabinoid
oleoyl ethanolamide,Lipid,Endocannabinoid
stearoyl ethanolamide,Lipid,Endocannabinoid
LAHSA (18:2/OH-18:0)*,Lipid,Fatty Acid Hydroxyl Fatty Acid
OAHSA (18:1/OH-18:0),Lipid,Fatty Acid Hydroxyl Fatty Acid
PAHSA (16:0/OH-18:0),Lipid,Fatty Acid Hydroxyl Fatty Acid
adipoylcarnitine (C6-DC),Lipid,"Fatty Acid Metabolism (Acyl Carnitine, Dicarboxylate)"
octadecenedioylcarnitine (C18:1-DC)*,Lipid,"Fatty Acid Metabolism (Acyl Carnitine, Dicarboxylate)"
suberoylcarnitine (C8-DC),Lipid,"Fatty Acid Metabolism (Acyl Carnitine, Dicarboxylate)"
(S)-3-hydroxybutyrylcarnitine,Lipid,"Fatty Acid Metabolism (Acyl Carnitine, Hydroxy)"
3-hydroxydecanoylcarnitine,Lipid,"Fatty Acid Metabolism (Acyl Carnitine, Hydroxy)"
3-hydroxyhexanoylcarnitine (1),Lipid,"Fatty Acid Metabolism (Acyl Carnitine, Hydroxy)"
3-hydroxyoleoylcarnitine,Lipid,"Fatty Acid Metabolism (Acyl Carnitine, Hydroxy)"
3-hydroxypalmitoylcarnitine,Lipid,"Fatty Acid Metabolism (Acyl Carnitine, Hydroxy)"
arachidoylcarnitine (C20)*,Lipid,"Fatty Acid Metabolism (Acyl Carnitine, Long Chain Saturated)"
behenoylcarnitine (C22)*,Lipid,"Fatty Acid Metabolism (Acyl Carnitine, Long Chain Saturated)"
lignoceroylcarnitine (C24)*,Lipid,"Fatty Acid Metabolism (Acyl Carnitine, Long Chain Saturated)"
margaroylcarnitine (C17)*,Lipid,"Fatty Acid Metabolism (Acyl Carnitine, Long Chain Saturated)"
stearoylcarnitine (C18),Lipid,"Fatty Acid Metabolism (Acyl Carnitine, Long Chain Saturated)"
decanoylcarnitine (C10),Lipid,"Fatty Acid Metabolism (Acyl Carnitine, Medium Chain)"
hexanoylcarnitine (C6),Lipid,"Fatty Acid Metabolism (Acyl Carnitine, Medium Chain)"
laurylcarnitine (C12),Lipid,"Fatty Acid Metabolism (Acyl Carnitine, Medium Chain)"
octanoylcarnitine (C8),Lipid,"Fatty Acid Metabolism (Acyl Carnitine, Medium Chain)"
5-dodecenoylcarnitine (C12:1),Lipid,"Fatty Acid Metabolism (Acyl Carnitine, Monounsaturated)"
eicosenoylcarnitine (C20:1)*,Lipid,"Fatty Acid Metabolism (Acyl Carnitine, Monounsaturated)"
erucoylcarnitine (C22:1)*,Lipid,"Fatty Acid Metabolism (Acyl Carnitine, Monounsaturated)"
myristoleoylcarnitine (C14:1)*,Lipid,"Fatty Acid Metabolism (Acyl Carnitine, Monounsaturated)"
nervonoylcarnitine (C24:1)*,Lipid,"Fatty Acid Metabolism (Acyl Carnitine, Monounsaturated)"
oleoylcarnitine (C18:1),Lipid,"Fatty Acid Metabolism (Acyl Carnitine, Monounsaturated)"
palmitoleoylcarnitine (C16:1)*,Lipid,"Fatty Acid Metabolism (Acyl Carnitine, Monounsaturated)"
docosahexaenoylcarnitine (C22:6)*,Lipid,"Fatty Acid Metabolism (Acyl Carnitine, Polyunsaturated)"
linoleoylcarnitine (C18:2)*,Lipid,"Fatty Acid Metabolism (Acyl Carnitine, Polyunsaturated)"
acetylcarnitine (C2),Lipid,"Fatty Acid Metabolism (Acyl Carnitine, Short Chain)"
oleoylcholine,Lipid,Fatty Acid Metabolism (Acyl Choline)
palmitoylcholine,Lipid,Fatty Acid Metabolism (Acyl Choline)
3-hydroxybutyroylglycine,Lipid,Fatty Acid Metabolism (Acyl Glycine)
3-hydroxymargaroylglycine,Lipid,Fatty Acid Metabolism (Acyl Glycine)
N-linoleoylglycine,Lipid,Fatty Acid Metabolism (Acyl Glycine)
N-oleoylglycine,Lipid,Fatty Acid Metabolism (Acyl Glycine)
N-palmitoylglycine,Lipid,Fatty Acid Metabolism (Acyl Glycine)
valerylglycine (C5),Lipid,Fatty Acid Metabolism (Acyl Glycine)
2-methylmalonylcarnitine (C4-DC),Lipid,Fatty Acid Metabolism (also BCAA Metabolism)
butyrylcarnitine (C4),Lipid,Fatty Acid Metabolism (also BCAA Metabolism)
butyrylglycine (C4),Lipid,Fatty Acid Metabolism (also BCAA Metabolism)
propionylcarnitine (C3),Lipid,Fatty Acid Metabolism (also BCAA Metabolism)
propionylglycine (C3),Lipid,Fatty Acid Metabolism (also BCAA Metabolism)
malonylcarnitine,Lipid,Fatty Acid Synthesis
(12 or 13)-methylmyristate (a15:0 or i15:0),Lipid,"Fatty Acid, Branched"
(14 or 15)-methylpalmitate (a17:0 or i17:0),Lipid,"Fatty Acid, Branched"
(16 or 17)-methylstearate (a19:0 or i19:0),Lipid,"Fatty Acid, Branched"
5-methylhexanoate (i7:0),Lipid,"Fatty Acid, Branched"
isocaproate (i6:0),Lipid,"Fatty Acid, Branched"
2-hydroxyadipate,Lipid,"Fatty Acid, Dicarboxylate"
3-carboxy-4-methyl-5-pentyl-2-furanpropionate (3-CMPFP),Lipid,"Fatty Acid, Dicarboxylate"
3-carboxy-4-methyl-5-propyl-2-furanpropanoate (CMPF),Lipid,"Fatty Acid, Dicarboxylate"
3-hydroxydodecanedioate*,Lipid,"Fatty Acid, Dicarboxylate"
3-methyladipate,Lipid,"Fatty Acid, Dicarboxylate"
3-methylglutarate/2-methylglutarate,Lipid,"Fatty Acid, Dicarboxylate"
adipate,Lipid,"Fatty Acid, Dicarboxylate"
azelate (C9-DC),Lipid,"Fatty Acid, Dicarboxylate"
branched chain 14:0 dicarboxylic acid,Lipid,"Fatty Acid, Dicarboxylate"
decadienedioic acid (C10:2-DC),Lipid,"Fatty Acid, Dicarboxylate"
dimethylmalonic acid,Lipid,"Fatty Acid, Dicarboxylate"
dodecanedioate (C12),Lipid,"Fatty Acid, Dicarboxylate"
dodecenedioate (C12:1-DC)*,Lipid,"Fatty Acid, Dicarboxylate"
heptenedioate (C7:1-DC)*,Lipid,"Fatty Acid, Dicarboxylate"
hexadecanedioate (C16),Lipid,"Fatty Acid, Dicarboxylate"
hexadecenedioate (C16:1-DC)*,Lipid,"Fatty Acid, Dicarboxylate"
octadecadienedioate (C18:2-DC)*,Lipid,"Fatty Acid, Dicarboxylate"
octadecanedioate (C18),Lipid,"Fatty Acid, Dicarboxylate"
octadecenedioate (C18:1-DC),Lipid,"Fatty Acid, Dicarboxylate"
pimelate (C7-DC),Lipid,"Fatty Acid, Dicarboxylate"
sebacate (C10-DC),Lipid,"Fatty Acid, Dicarboxylate"
tetradecanedioate (C14),Lipid,"Fatty Acid, Dicarboxylate"
undecanedioate (C11-DC),Lipid,"Fatty Acid, Dicarboxylate"
"12,13-DiHOME",Lipid,"Fatty Acid, Dihydroxy"
"2,4-dihydroxybutyrate",Lipid,"Fatty Acid, Dihydroxy"
"2R,3R-dihydroxybutyrate",Lipid,"Fatty Acid, Dihydroxy"
"2S,3R-dihydroxybutyrate",Lipid,"Fatty Acid, Dihydroxy"
"9,10-DiHOME",Lipid,"Fatty Acid, Dihydroxy"
"9,10-DiHOME sulfate",Lipid,"Fatty Acid, Dihydroxy"
13-HODE + 9-HODE,Lipid,"Fatty Acid, Monohydroxy"
2-hydroxyarachidate*,Lipid,"Fatty Acid, Monohydroxy"
2-hydroxybehenate,Lipid,"Fatty Acid, Monohydroxy"
2-hydroxyheptanoate*,Lipid,"Fatty Acid, Monohydroxy"
2-hydroxylaurate,Lipid,"Fatty Acid, Monohydroxy"
2-hydroxylignocerate*,Lipid,"Fatty Acid, Monohydroxy"
2-hydroxynervonate*,Lipid,"Fatty Acid, Monohydroxy"
2-hydroxyoctanoate,Lipid,"Fatty Acid, Monohydroxy"
2-hydroxyoleate,Lipid,"Fatty Acid, Monohydroxy"
2-hydroxypalmitate,Lipid,"Fatty Acid, Monohydroxy"
2-hydroxystearate,Lipid,"Fatty Acid, Monohydroxy"
3-hydroxydecanoate,Lipid,"Fatty Acid, Monohydroxy"
3-hydroxyhexanoate,Lipid,"Fatty Acid, Monohydroxy"
3-hydroxylaurate,Lipid,"Fatty Acid, Monohydroxy"
3-hydroxymargarate,Lipid,"Fatty Acid, Monohydroxy"
3-hydroxymyristate,Lipid,"Fatty Acid, Monohydroxy"
3-hydroxyoctanoate,Lipid,"Fatty Acid, Monohydroxy"
3-hydroxyoleate*,Lipid,"Fatty Acid, Monohydroxy"
3-hydroxypalmitate,Lipid,"Fatty Acid, Monohydroxy"
3-hydroxystearate,Lipid,"Fatty Acid, Monohydroxy"
3-hydroxysuberate,Lipid,"Fatty Acid, Monohydroxy"
3-hydroxytridecanoate,Lipid,"Fatty Acid, Monohydroxy"
4-hydroxybutyrate (GHB),Lipid,"Fatty Acid, Monohydroxy"
5-hydroxyhexanoate,Lipid,"Fatty Acid, Monohydroxy"
8-hydroxyoctanoate,Lipid,"Fatty Acid, Monohydroxy"
"1,2-dilinolenoyl-digalactosylglycerol (18:3/18:3)",Lipid,Galactosyl Glycerolipids
"1,2-dilinolenoyl-galactosylglycerol (18:3/18:3)*",Lipid,Galactosyl Glycerolipids
"1,2-dilinoleoyl-digalactosylglycerol (18:2/18:2)*",Lipid,Galactosyl Glycerolipids
"1,2-dilinoleoyl-galactosylglycerol (18:2/18:2)*",Lipid,Galactosyl Glycerolipids
1-linoleoyl-2-linolenoyl-digalactosylglycerol (18:2/18:3)*,Lipid,Galactosyl Glycerolipids
1-linoleoyl-2-linolenoyl-galactosylglycerol (18:2/18:3)*,Lipid,Galactosyl Glycerolipids
1-linoleoyl-digalactosylglycerol (18:2)*,Lipid,Galactosyl Glycerolipids
1-linoleoyl-galactosylglycerol (18:2)*,Lipid,Galactosyl Glycerolipids
1-palmitoyl-2-linolenoyl-digalactosylglycerol (16:0/18:3),Lipid,Galactosyl Glycerolipids
1-palmitoyl-2-linoleoyl-digalactosylglycerol (16:0/18:2)*,Lipid,Galactosyl Glycerolipids
1-palmitoyl-2-linoleoyl-galactosylglycerol (16:0/18:2)*,Lipid,Galactosyl Glycerolipids
1-palmitoyl-galactosylglycerol (16:0)*,Lipid,Galactosyl Glycerolipids
2-palmitoyl-galactosylglycerol (16:0)*,Lipid,Galactosyl Glycerolipids
digalactosylglycerol*,Lipid,Galactosyl Glycerolipids
galactosylglycerol,Lipid,Galactosyl Glycerolipids
glycerol,Lipid,Glycerolipid Metabolism
"glycosyl ceramide (d18:1/20:0, d16:1/22:0)*",Lipid,Hexosylceramides (HCER)
glycosyl-N-(2-hydroxynervonoyl)-sphingosine (d18:1/24:1(2OH))*,Lipid,Hexosylceramides (HCER)
glycosyl-N-palmitoyl-sphingosine (d18:1/16:0),Lipid,Hexosylceramides (HCER)
glycosyl-N-stearoyl-sphingosine (d18:1/18:0),Lipid,Hexosylceramides (HCER)
chiro-inositol,Lipid,Inositol Metabolism
myo-inositol,Lipid,Inositol Metabolism
3-hydroxybutyrate (BHBA),Lipid,Ketone Bodies
lactosyl-N-behenoyl-sphingosine (d18:1/22:0)*,Lipid,Lactosylceramides (LCER)
lactosyl-N-nervonoyl-sphingosine (d18:1/24:1)*,Lipid,Lactosylceramides (LCER)
lactosyl-N-palmitoyl-sphingosine (d18:1/16:0),Lipid,Lactosylceramides (LCER)
10-nonadecenoate (19:1n9),Lipid,Long Chain Monounsaturated Fatty Acid
erucate (22:1n9),Lipid,Long Chain Monounsaturated Fatty Acid
palmitoleate (16:1n7),Lipid,Long Chain Monounsaturated Fatty Acid
adrenate (22:4n6),Lipid,Long Chain Polyunsaturated Fatty Acid (n3 and n6)
arachidonate (20:4n6),Lipid,Long Chain Polyunsaturated Fatty Acid (n3 and n6)
dihomolinolenate (20:3n3 or 3n6),Lipid,Long Chain Polyunsaturated Fatty Acid (n3 and n6)
docosadienoate (22:2n6),Lipid,Long Chain Polyunsaturated Fatty Acid (n3 and n6)
docosahexaenoate (DHA; 22:6n3),Lipid,Long Chain Polyunsaturated Fatty Acid (n3 and n6)
docosapentaenoate (n6 DPA; 22:5n6),Lipid,Long Chain Polyunsaturated Fatty Acid (n3 and n6)
eicosapentaenoate (EPA; 20:5n3),Lipid,Long Chain Polyunsaturated Fatty Acid (n3 and n6)
heneicosapentaenoate (21:5n3),Lipid,Long Chain Polyunsaturated Fatty Acid (n3 and n6)
heptadecatrienoate (17:3)*,Lipid,Long Chain Polyunsaturated Fatty Acid (n3 and n6)
hexadecadienoate (16:2n6),Lipid,Long Chain Polyunsaturated Fatty Acid (n3 and n6)
hexadecatrienoate (16:3n3),Lipid,Long Chain Polyunsaturated Fatty Acid (n3 and n6)
linoleate (18:2n6),Lipid,Long Chain Polyunsaturated Fatty Acid (n3 and n6)
mead acid (20:3n9),Lipid,Long Chain Polyunsaturated Fatty Acid (n3 and n6)
stearidonate (18:4n3),Lipid,Long Chain Polyunsaturated Fatty Acid (n3 and n6)
tetradecadienoate (14:2)*,Lipid,Long Chain Polyunsaturated Fatty Acid (n3 and n6)
arachidate (20:0),Lipid,Long Chain Saturated Fatty Acid
margarate (17:0),Lipid,Long Chain Saturated Fatty Acid
myristate (14:0),Lipid,Long Chain Saturated Fatty Acid
palmitate (16:0),Lipid,Long Chain Saturated Fatty Acid
pentadecanoate (15:0),Lipid,Long Chain Saturated Fatty Acid
1-linoleoyl-GPA (18:2)*,Lipid,Lysophospholipid
1-linoleoyl-GPC (18:2),Lipid,Lysophospholipid
1-linoleoyl-GPE (18:2)*,Lipid,Lysophospholipid
1-linoleoyl-GPG (18:2)*,Lipid,Lysophospholipid
1-linoleoyl-GPI* (18:2)*,Lipid,Lysophospholipid
1-oleoyl-GPC (18:1),Lipid,Lysophospholipid
1-oleoyl-GPE (18:1),Lipid,Lysophospholipid
1-oleoyl-GPG (18:1)*,Lipid,Lysophospholipid
1-oleoyl-GPI (18:1),Lipid,Lysophospholipid
1-palmitoyl-GPA (16:0),Lipid,Lysophospholipid
1-palmitoyl-GPG (16:0)*,Lipid,Lysophospholipid
1-palmitoyl-GPI* (16:0),Lipid,Lysophospholipid
1-palmitoyl-GPS (16:0)*,Lipid,Lysophospholipid
1-stearoyl-GPA (18:0),Lipid,Lysophospholipid
1-stearoyl-GPG (18:0),Lipid,Lysophospholipid
1-stearoyl-GPI (18:0),Lipid,Lysophospholipid
1-stearoyl-GPS (18:0)*,Lipid,Lysophospholipid
2-stearoyl-GPE (18:0)*,Lipid,Lysophospholipid
1-(1-enyl-oleoyl)-GPE (P-18:1)*,Lipid,Lysoplasmalogen
1-(1-enyl-palmitoyl)-GPC (P-16:0)*,Lipid,Lysoplasmalogen
1-(1-enyl-palmitoyl)-GPE (P-16:0)*,Lipid,Lysoplasmalogen
5-dodecenoate (12:1n7),Lipid,Medium Chain Fatty Acid
caprate (10:0),Lipid,Medium Chain Fatty Acid
caproate (6:0),Lipid,Medium Chain Fatty Acid
heptanoate (7:0),Lipid,Medium Chain Fatty Acid
laurate (12:0),Lipid,Medium Chain Fatty Acid
mevalonolactone,Lipid,Mevalonate Metabolism
1-arachidonylglycerol (20:4),Lipid,Monoacylglycerol
1-dihomo-linolenylglycerol (20:3),Lipid,Monoacylglycerol
1-dihomo-linoleoylglycerol (20:2),Lipid,Monoacylglycerol
1-linolenoylglycerol (18:3),Lipid,Monoacylglycerol
1-linoleoylglycerol (18:2),Lipid,Monoacylglycerol
1-margaroylglycerol (17:0),Lipid,Monoacylglycerol
1-myristoylglycerol (14:0),Lipid,Monoacylglycerol
1-oleoylglycerol (18:1),Lipid,Monoacylglycerol
1-palmitoleoylglycerol (16:1)*,Lipid,Monoacylglycerol
1-palmitoyl-sulfoquinovopyranosyl-glycerol (16:0)*,Lipid,Monoacylglycerol
1-pentadecanoylglycerol (15:0),Lipid,Monoacylglycerol
2-myristoylglycerol (14:0),Lipid,Monoacylglycerol
2-oleoylglycerol (18:1),Lipid,Monoacylglycerol
2-palmitoleoylglycerol (16:1)*,Lipid,Monoacylglycerol
2-palmitoylglycerol (16:0),Lipid,Monoacylglycerol
"1,2-dilinoleoyl-GPC (18:2/18:2)",Lipid,Phosphatidylcholine (PC)
"1,2-dipalmitoyl-GPC (16:0/16:0)",Lipid,Phosphatidylcholine (PC)
1-myristoyl-2-palmitoyl-GPC (14:0/16:0),Lipid,Phosphatidylcholine (PC)
1-oleoyl-2-linoleoyl-GPC (18:1/18:2)*,Lipid,Phosphatidylcholine (PC)
1-palmitoyl-2-arachidonoyl-GPC (16:0/20:4n6),Lipid,Phosphatidylcholine (PC)
1-palmitoyl-2-linoleoyl-GPC (16:0/18:2),Lipid,Phosphatidylcholine (PC)
1-palmitoyl-2-oleoyl-GPC (16:0/18:1),Lipid,Phosphatidylcholine (PC)
1-palmitoyl-2-palmitoleoyl-GPC (16:0/16:1)*,Lipid,Phosphatidylcholine (PC)
1-palmitoyl-2-stearoyl-GPC (16:0/18:0),Lipid,Phosphatidylcholine (PC)
1-stearoyl-2-oleoyl-GPC (18:0/18:1),Lipid,Phosphatidylcholine (PC)
1-palmitoyl-2-oleoyl-GPE (16:0/18:1),Lipid,Phosphatidylethanolamine (PE)
phosphocholine,Lipid,Phospholipid Metabolism
glycerophosphorylcholine (GPC),Lipid,Phospholipid Metabolism
glycerophosphoserine*,Lipid,Phospholipid Metabolism
trimethylamine N-oxide,Lipid,Phospholipid Metabolism
1-(1-enyl-palmitoyl)-2-oleoyl-GPC (P-16:0/18:1)*,Lipid,Plasmalogen
1-(1-enyl-palmitoyl)-2-palmitoyl-GPC (P-16:0/16:0)*,Lipid,Plasmalogen
21-hydroxypregnanolone monosulfate (1),Lipid,Pregnenolone Steroids
21-hydroxypregnanolone monosulfate (2),Lipid,Pregnenolone Steroids
21-hydroxypregnenolone disulfate,Lipid,Pregnenolone Steroids
pregnen-diol disulfate*,Lipid,Pregnenolone Steroids
pregnenediol sulfate (C21H34O5S)*,Lipid,Pregnenolone Steroids
pregnenetriol disulfate*,Lipid,Pregnenolone Steroids
pregnenetriol sulfate*,Lipid,Pregnenolone Steroids
pregnenolone sulfate,Lipid,Pregnenolone Steroids
chenodeoxycholate,Lipid,Primary Bile Acid Metabolism
chenodeoxycholic acid sulfate (1),Lipid,Primary Bile Acid Metabolism
chenodeoxycholic acid sulfate (2),Lipid,Primary Bile Acid Metabolism
cholate,Lipid,Primary Bile Acid Metabolism
cholate sulfate,Lipid,Primary Bile Acid Metabolism
cholic acid glucuronide,Lipid,Primary Bile Acid Metabolism
glycochenodeoxycholate 3-sulfate,Lipid,Primary Bile Acid Metabolism
glycochenodeoxycholate glucuronide (1),Lipid,Primary Bile Acid Metabolism
glycocholate,Lipid,Primary Bile Acid Metabolism
glycocholate glucuronide (1),Lipid,Primary Bile Acid Metabolism
taurochenodeoxycholate,Lipid,Primary Bile Acid Metabolism
taurocholate,Lipid,Primary Bile Acid Metabolism
"5alpha-pregnan-3beta,20alpha-diol disulfate",Lipid,Progestin Steroids
"5alpha-pregnan-3beta,20alpha-diol monosulfate (1)",Lipid,Progestin Steroids
"5alpha-pregnan-3beta,20beta-diol monosulfate (1)",Lipid,Progestin Steroids
5alpha-pregnan-diol disulfate,Lipid,Progestin Steroids
pregnanolone/allopregnanolone sulfate,Lipid,Progestin Steroids
12-dehydrocholate,Lipid,Secondary Bile Acid Metabolism
12-ketolithocholate,Lipid,Secondary Bile Acid Metabolism
3-dehydrochenodeoxycholate,Lipid,Secondary Bile Acid Metabolism
3-dehydrocholate,Lipid,Secondary Bile Acid Metabolism
3-dehydrodeoxycholate,Lipid,Secondary Bile Acid Metabolism
3b-hydroxy-5-cholenoic acid,Lipid,Secondary Bile Acid Metabolism
6-oxolithocholate,Lipid,Secondary Bile Acid Metabolism
"7,12-diketolithocholate",Lipid,Secondary Bile Acid Metabolism
7-ketodeoxycholate,Lipid,Secondary Bile Acid Metabolism
7-ketolithocholate,Lipid,Secondary Bile Acid Metabolism
dehydrolithocholate,Lipid,Secondary Bile Acid Metabolism
deoxycholate,Lipid,Secondary Bile Acid Metabolism
deoxycholic acid 12-sulfate*,Lipid,Secondary Bile Acid Metabolism
deoxycholic acid 3-sulfate,Lipid,Secondary Bile Acid Metabolism
deoxycholic acid glucuronide,Lipid,Secondary Bile Acid Metabolism
glycocholenate sulfate*,Lipid,Secondary Bile Acid Metabolism
glycodeoxycholate,Lipid,Secondary Bile Acid Metabolism
glycodeoxycholate 3-sulfate,Lipid,Secondary Bile Acid Metabolism
glycohyocholate,Lipid,Secondary Bile Acid Metabolism
glycolithocholate,Lipid,Secondary Bile Acid Metabolism
glycolithocholate sulfate*,Lipid,Secondary Bile Acid Metabolism
glycoursodeoxycholate,Lipid,Secondary Bile Acid Metabolism
glycoursodeoxycholic acid sulfate (1),Lipid,Secondary Bile Acid Metabolism
hyocholate,Lipid,Secondary Bile Acid Metabolism
isohyodeoxycholate,Lipid,Secondary Bile Acid Metabolism
isoursodeoxycholate,Lipid,Secondary Bile Acid Metabolism
isoursodeoxycholate sulfate (1),Lipid,Secondary Bile Acid Metabolism
lithocholate,Lipid,Secondary Bile Acid Metabolism
lithocholate sulfate (1),Lipid,Secondary Bile Acid Metabolism
lithocholic acid sulfate (2),Lipid,Secondary Bile Acid Metabolism
taurochenodeoxycholic acid 3-sulfate,Lipid,Secondary Bile Acid Metabolism
taurocholenate sulfate*,Lipid,Secondary Bile Acid Metabolism
taurodeoxycholic acid 3-sulfate,Lipid,Secondary Bile Acid Metabolism
taurohyocholate*,Lipid,Secondary Bile Acid Metabolism
taurohyodeoxycholic acid,Lipid,Secondary Bile Acid Metabolism
taurolithocholate,Lipid,Secondary Bile Acid Metabolism
taurolithocholate 3-sulfate,Lipid,Secondary Bile Acid Metabolism
tauroursodeoxycholate,Lipid,Secondary Bile Acid Metabolism
tauroursodeoxycholic acid sulfate (1),Lipid,Secondary Bile Acid Metabolism
tauroursodeoxycholic acid sulfate (2),Lipid,Secondary Bile Acid Metabolism
ursocholate,Lipid,Secondary Bile Acid Metabolism
ursodeoxycholate,Lipid,Secondary Bile Acid Metabolism
ursodeoxycholate sulfate (1),Lipid,Secondary Bile Acid Metabolism
butyrate/isobutyrate (4:0),Lipid,Short Chain Fatty Acid
valerate (5:0),Lipid,Short Chain Fatty Acid
3-ketosphinganine,Lipid,Sphingolipid Synthesis
dehydrophytosphingosine*,Lipid,Sphingolipid Synthesis
hexadecasphinganine (d16:0)*,Lipid,Sphingolipid Synthesis
sphingadienine,Lipid,Sphingolipid Synthesis
behenoyl sphingomyelin (d18:1/22:0)*,Lipid,Sphingomyelins
lignoceroyl sphingomyelin (d18:1/24:0),Lipid,Sphingomyelins
"sphingomyelin (d18:1/14:0, d16:1/16:0)*",Lipid,Sphingomyelins
"sphingomyelin (d18:1/17:0, d17:1/18:0, d19:1/16:0)",Lipid,Sphingomyelins
"sphingomyelin (d18:1/20:0, d16:1/22:0)*",Lipid,Sphingomyelins
"sphingomyelin (d18:1/22:1, d18:2/22:0, d16:1/24:1)*",Lipid,Sphingomyelins
"sphingomyelin (d18:1/24:1, d18:2/24:0)*",Lipid,Sphingomyelins
"sphingomyelin (d18:2/16:0, d18:1/16:1)*",Lipid,Sphingomyelins
"sphingomyelin (d18:2/24:1, d18:1/24:2)*",Lipid,Sphingomyelins
stearoyl sphingomyelin (d18:1/18:0),Lipid,Sphingomyelins
tricosanoyl sphingomyelin (d18:1/23:0)*,Lipid,Sphingomyelins
eicosanoylsphingosine (d20:1)*,Lipid,Sphingosines
heptadecasphingosine (d17:1),Lipid,Sphingosines
hexadecasphingosine (d16:1)*,Lipid,Sphingosines
N-acetylsphingosine,Lipid,Sphingosines
sphingosine,Lipid,Sphingosines
25-hydroxycholesterol sulfate,Lipid,Sterol
3beta-hydroxy-5-cholestenoate,Lipid,Sterol
4-cholesten-3-one,Lipid,Sterol
7-ketocholesterol,Lipid,Sterol
campesterol,Lipid,Sterol
ergosterol,Lipid,Sterol
fucosterol,Lipid,Sterol
lanosterol,Lipid,Sterol
stigmastadienone,Lipid,Sterol
stigmasterol,Lipid,Sterol
(3'-5')-adenylyladenosine*,Nucleotide,Dinucleotide
(3'-5')-adenylylcytidine,Nucleotide,Dinucleotide
(3'-5')-adenylylguanosine*,Nucleotide,Dinucleotide
(3'-5')-adenylyluridine,Nucleotide,Dinucleotide
(3'-5')-cytidylylguanosine,Nucleotide,Dinucleotide
(3'-5')-cytidylyluridine*,Nucleotide,Dinucleotide
(3'-5')-guanylyladenosine*,Nucleotide,Dinucleotide
(3'-5')-guanylylcytidine,Nucleotide,Dinucleotide
(3'-5')-guanylyluridine,Nucleotide,Dinucleotide
(3'-5')-uridylylguanosine,Nucleotide,Dinucleotide
(3'-5')-uridylyluridine,Nucleotide,Dinucleotide
1-methylhypoxanthine,Nucleotide,"Purine Metabolism, (Hypo)Xanthine/Inosine containing"
2'-deoxyinosine,Nucleotide,"Purine Metabolism, (Hypo)Xanthine/Inosine containing"
allantoin,Nucleotide,"Purine Metabolism, (Hypo)Xanthine/Inosine containing"
hypoxanthine,Nucleotide,"Purine Metabolism, (Hypo)Xanthine/Inosine containing"
inosine,Nucleotide,"Purine Metabolism, (Hypo)Xanthine/Inosine containing"
N1-methylinosine,Nucleotide,"Purine Metabolism, (Hypo)Xanthine/Inosine containing"
urate,Nucleotide,"Purine Metabolism, (Hypo)Xanthine/Inosine containing"
xanthine,Nucleotide,"Purine Metabolism, (Hypo)Xanthine/Inosine containing"
xanthosine,Nucleotide,"Purine Metabolism, (Hypo)Xanthine/Inosine containing"
1-methyladenine,Nucleotide,"Purine Metabolism, Adenine containing"
2'-deoxyadenosine,Nucleotide,"Purine Metabolism, Adenine containing"
2'-deoxyadenosine 5'-monophosphate,Nucleotide,"Purine Metabolism, Adenine containing"
adenine,Nucleotide,"Purine Metabolism, Adenine containing"
adenosine,Nucleotide,"Purine Metabolism, Adenine containing"
1-methyladenosine,Nucleotide,"Purine Metabolism, Adenine containing"
2'-deoxyguanosine,Nucleotide,"Purine Metabolism, Guanine containing"
8-hydroxyguanine,Nucleotide,"Purine Metabolism, Guanine containing"
guanosine,Nucleotide,"Purine Metabolism, Guanine containing"
2'-deoxycytidine,Nucleotide,"Pyrimidine Metabolism, Cytidine containing"
dCMP,Nucleotide,"Pyrimidine Metabolism, Cytidine containing"
5-methylcytosine,Nucleotide,"Pyrimidine Metabolism, Cytidine containing"
cytidine,Nucleotide,"Pyrimidine Metabolism, Cytidine containing"
"cytidine 2',3'-cyclic monophosphate",Nucleotide,"Pyrimidine Metabolism, Cytidine containing"
CMP,Nucleotide,"Pyrimidine Metabolism, Cytidine containing"
cytosine,Nucleotide,"Pyrimidine Metabolism, Cytidine containing"
dihydroorotate,Nucleotide,"Pyrimidine Metabolism, Orotate containing"
N-carbamoylaspartate,Nucleotide,"Pyrimidine Metabolism, Orotate containing"
orotidine,Nucleotide,"Pyrimidine Metabolism, Orotate containing"
3-aminoisobutyrate,Nucleotide,"Pyrimidine Metabolism, Thymine containing"
"5,6-dihydrothymine",Nucleotide,"Pyrimidine Metabolism, Thymine containing"
thymidine,Nucleotide,"Pyrimidine Metabolism, Thymine containing"
TMP,Nucleotide,"Pyrimidine Metabolism, Thymine containing"
thymine,Nucleotide,"Pyrimidine Metabolism, Thymine containing"
2'-deoxyuridine,Nucleotide,"Pyrimidine Metabolism, Uracil containing"
2'-O-methyluridine,Nucleotide,"Pyrimidine Metabolism, Uracil containing"
3-ureidopropionate,Nucleotide,"Pyrimidine Metabolism, Uracil containing"
4-ureidobutyrate,Nucleotide,"Pyrimidine Metabolism, Uracil containing"
"5,6-dihydrouracil",Nucleotide,"Pyrimidine Metabolism, Uracil containing"
"5,6-dihydrouridine",Nucleotide,"Pyrimidine Metabolism, Uracil containing"
5-methyluridine (ribothymidine),Nucleotide,"Pyrimidine Metabolism, Uracil containing"
N-acetyl-beta-alanine,Nucleotide,"Pyrimidine Metabolism, Uracil containing"
pseudouridine,Nucleotide,"Pyrimidine Metabolism, Uracil containing"
uridine,Nucleotide,"Pyrimidine Metabolism, Uracil containing"
"uridine-2',3'-cyclic monophosphate",Nucleotide,"Pyrimidine Metabolism, Uracil containing"
"bilirubin degradation product, C16H18N2O5 (2)","Partially Characterized 
Molecules","Partially Characterized 
Molecules"
"bilirubin degradation product, C16H18N2O5 (3)","Partially Characterized 
Molecules","Partially Characterized 
Molecules"
"bilirubin degradation product, C16H18N2O5 (4)","Partially Characterized 
Molecules","Partially Characterized 
Molecules"
"bilirubin degradation product, C17H18N2O4 (1)","Partially Characterized 
Molecules","Partially Characterized 
Molecules"
"bilirubin degradation product, C17H18N2O4 (2)","Partially Characterized 
Molecules","Partially Characterized 
Molecules"
"bilirubin degradation product, C17H18N2O4 (3)","Partially Characterized 
Molecules","Partially Characterized 
Molecules"
"bilirubin degradation product, C17H20N2O5 (1)","Partially Characterized 
Molecules","Partially Characterized 
Molecules"
"bilirubin degradation product, C17H20N2O5 (2)","Partially Characterized 
Molecules","Partially Characterized 
Molecules"
"branched-chain, straight-chain, or cyclopropyl 10:1 fatty acid (1)*","Partially Characterized 
Molecules","Partially Characterized 
Molecules"
Flavone derivative C26H28O14 (2)*,"Partially Characterized 
Molecules","Partially Characterized 
Molecules"
Flavone derivative C26H28O14 (3)*,"Partially Characterized 
Molecules","Partially Characterized 
Molecules"
Flavone derivative C26H28O14 (4)*,"Partially Characterized 
Molecules","Partially Characterized 
Molecules"
Flavone derivative C26H28O14 (5)*,"Partially Characterized 
Molecules","Partially Characterized 
Molecules"
GlcNAc sulfate conjugate of C21H34O2 steroid,"Partially Characterized 
Molecules","Partially Characterized 
Molecules"
glutamine conjugate of C6H10O2 (2)*,"Partially Characterized 
Molecules","Partially Characterized 
Molecules"
glutamine conjugate of C8H12O2 (2)*,"Partially Characterized 
Molecules","Partially Characterized 
Molecules"
N-acetylglucosamine conjugate of C24H38O4 bile acid,"Partially Characterized 
Molecules","Partially Characterized 
Molecules"
N-acetylglucosamine conjugate of C24H40O4 bile acid,"Partially Characterized 
Molecules","Partially Characterized 
Molecules"
phenylacetylaspartate,Peptide,Acetylated Peptides
phenylacetylglutamate,Peptide,Acetylated Peptides
phenylacetylglutamine,Peptide,Acetylated Peptides
phenylacetylglycine,Peptide,Acetylated Peptides
phenylacetylmethionine,Peptide,Acetylated Peptides
phenylacetyltaurine,Peptide,Acetylated Peptides
cyclo(pro-sulfo-tyr)*,Peptide,Dipeptide
glycylisoleucine,Peptide,Dipeptide
histidylalanine,Peptide,Dipeptide
leucylalanine,Peptide,Dipeptide
leucylglutamine*,Peptide,Dipeptide
leucylglycine,Peptide,Dipeptide
lysylleucine,Peptide,Dipeptide
phenylalanylalanine,Peptide,Dipeptide
phenylalanylglycine,Peptide,Dipeptide
prolylglycine,Peptide,Dipeptide
threonylphenylalanine,Peptide,Dipeptide
tryptophylglycine,Peptide,Dipeptide
tyrosylglycine,Peptide,Dipeptide
valylglutamine,Peptide,Dipeptide
valylglycine,Peptide,Dipeptide
gamma-glutamyl-alpha-lysine,Peptide,Gamma-glutamyl Amino Acid
gamma-glutamyl-epsilon-lysine,Peptide,Gamma-glutamyl Amino Acid
gamma-glutamylalanine,Peptide,Gamma-glutamyl Amino Acid
gamma-glutamylcitrulline*,Peptide,Gamma-glutamyl Amino Acid
gamma-glutamylcysteine,Peptide,Gamma-glutamyl Amino Acid
gamma-glutamylglutamate,Peptide,Gamma-glutamyl Amino Acid
gamma-glutamylglutamine,Peptide,Gamma-glutamyl Amino Acid
gamma-glutamylglycine,Peptide,Gamma-glutamyl Amino Acid
gamma-glutamylhistidine,Peptide,Gamma-glutamyl Amino Acid
gamma-glutamylisoleucine*,Peptide,Gamma-glutamyl Amino Acid
gamma-glutamylmethionine,Peptide,Gamma-glutamyl Amino Acid
gamma-glutamylphenylalanine,Peptide,Gamma-glutamyl Amino Acid
gamma-glutamylserine,Peptide,Gamma-glutamyl Amino Acid
gamma-glutamylthreonine,Peptide,Gamma-glutamyl Amino Acid
gamma-glutamyltyrosine,Peptide,Gamma-glutamyl Amino Acid
gamma-glutamylvaline,Peptide,Gamma-glutamyl Amino Acid
alanyl-glutamyl-meso-diaminopimelate,Peptide,Polypeptide
2-acetamidobutanoate,Xenobiotics,Bacterial/Fungal
diaminopimelate,Xenobiotics,Bacterial/Fungal
glutamyl-meso-diaminopimelate,Xenobiotics,Bacterial/Fungal
homo-cis-aconitate,Xenobiotics,Bacterial/Fungal
lactobacillic acid,Xenobiotics,Bacterial/Fungal
"2,4,6-trihydroxybenzoate",Xenobiotics,Benzoate Metabolism
"2,4-dihydroxyhydrocinnamate",Xenobiotics,Benzoate Metabolism
2-hydroxyhippurate (salicylurate),Xenobiotics,Benzoate Metabolism
2-methylbutyrylphenylalanine,Xenobiotics,Benzoate Metabolism
"3,4-dihydroxybenzoate",Xenobiotics,Benzoate Metabolism
"3,5-dihydroxyphenylpropionate",Xenobiotics,Benzoate Metabolism
3-(3-hydroxyphenyl)propionate,Xenobiotics,Benzoate Metabolism
3-(3-hydroxyphenyl)propionate sulfate,Xenobiotics,Benzoate Metabolism
3-hydroxybenzoate,Xenobiotics,Benzoate Metabolism
3-phenylpropionate (hydrocinnamate),Xenobiotics,Benzoate Metabolism
4-hydroxybenzoate,Xenobiotics,Benzoate Metabolism
4-hydroxyhippurate,Xenobiotics,Benzoate Metabolism
4-methylcatechol sulfate,Xenobiotics,Benzoate Metabolism
catechol,Xenobiotics,Benzoate Metabolism
catechol sulfate,Xenobiotics,Benzoate Metabolism
hippurate,Xenobiotics,Benzoate Metabolism
p-cresol,Xenobiotics,Benzoate Metabolism
p-cresol sulfate,Xenobiotics,Benzoate Metabolism
p-hydroxybenzaldehyde,Xenobiotics,Benzoate Metabolism
"1,2,3-benzenetriol sulfate (1)",Xenobiotics,Chemical
"1,2,3-benzenetriol sulfate (2)",Xenobiotics,Chemical
"1,3-propanediol",Xenobiotics,Chemical
2-oxo-1-pyrrolidinepropionate,Xenobiotics,Chemical
3-hydroxy-2-methylpyridine,Xenobiotics,Chemical
3-S-cysteinyl-2-methylpropanoate*,Xenobiotics,Chemical
4-acetamidobenzoate,Xenobiotics,Chemical
diglycerol,Xenobiotics,Chemical
dimethyl sulfone,Xenobiotics,Chemical
ectoine,Xenobiotics,Chemical
meglumine,Xenobiotics,Chemical
O-sulfo-L-tyrosine,Xenobiotics,Chemical
sulfate*,Xenobiotics,Chemical
thioproline,Xenobiotics,Chemical
3-(cystein-S-yl)acetaminophen*,Xenobiotics,"Drug - Analgesics, Anesthetics"
3-(N-acetyl-L-cystein-S-yl) acetaminophen,Xenobiotics,"Drug - Analgesics, Anesthetics"
4-acetamidophenol,Xenobiotics,"Drug - Analgesics, Anesthetics"
4-acetaminophen sulfate,Xenobiotics,"Drug - Analgesics, Anesthetics"
4-aminophenol sulfate (1),Xenobiotics,"Drug - Analgesics, Anesthetics"
ibuprofen,Xenobiotics,"Drug - Analgesics, Anesthetics"
alpha-hydroxymetoprolol,Xenobiotics,Drug - Cardiovascular
metoprolol,Xenobiotics,Drug - Cardiovascular
3-hydroxyisonicotinic acid,Xenobiotics,Drug - Neurological
N-carbamoylglutamate,Xenobiotics,Drug - Other
S-carboxymethyl-L-cysteine,Xenobiotics,Drug - Other
"2,6-dihydroxybenzoic acid",Xenobiotics,Drug - Topical Agents
salicylate,Xenobiotics,Drug - Topical Agents
(15:2)-anacardic acid,Xenobiotics,Food Component/Plant
(15:3)-anacardic acid,Xenobiotics,Food Component/Plant
(S)-a-amino-omega-caprolactam,Xenobiotics,Food Component/Plant
"1,1-kestotetraose",Xenobiotics,Food Component/Plant
"2,3-dihydroxyisovalerate",Xenobiotics,Food Component/Plant
"2,8-quinolinediol",Xenobiotics,Food Component/Plant
2-aminophenol sulfate,Xenobiotics,Food Component/Plant
2-dimethylaminoethanol,Xenobiotics,Food Component/Plant
2-isopropylmalate,Xenobiotics,Food Component/Plant
2-oxindole-3-acetate,Xenobiotics,Food Component/Plant
3-dehydroshikimate,Xenobiotics,Food Component/Plant
3-formylindole,Xenobiotics,Food Component/Plant
3-hydroxystachydrine*,Xenobiotics,Food Component/Plant
3-indoleglyoxylic acid,Xenobiotics,Food Component/Plant
4-hydroxycinnamate,Xenobiotics,Food Component/Plant
4-hydroxycyclohexylcarboxylic acid,Xenobiotics,Food Component/Plant
5-hydroxymethylfurfural,Xenobiotics,Food Component/Plant
acesulfame,Xenobiotics,Food Component/Plant
apigenin,Xenobiotics,Food Component/Plant
beta-guanidinopropanoate,Xenobiotics,Food Component/Plant
bufotenine,Xenobiotics,Food Component/Plant
caffeate,Xenobiotics,Food Component/Plant
caffeic acid sulfate,Xenobiotics,Food Component/Plant
catechin,Xenobiotics,Food Component/Plant
chlorogenate,Xenobiotics,Food Component/Plant
chrysoeriol,Xenobiotics,Food Component/Plant
ciliatine (2-aminoethylphosphonate),Xenobiotics,Food Component/Plant
coumaroylquinate (1),Xenobiotics,Food Component/Plant
coumaroylquinate (2),Xenobiotics,Food Component/Plant
coumaroylquinate (3),Xenobiotics,Food Component/Plant
coumaroylquinate (4),Xenobiotics,Food Component/Plant
coumaroylquinate (5),Xenobiotics,Food Component/Plant
cryptochlorogenic acid,Xenobiotics,Food Component/Plant
daidzein,Xenobiotics,Food Component/Plant
deoxymugineic acid,Xenobiotics,Food Component/Plant
digalacturonic acid,Xenobiotics,Food Component/Plant
dihydrocaffeate,Xenobiotics,Food Component/Plant
dihydrocaffeate sulfate (2),Xenobiotics,Food Component/Plant
dihydroferulate,Xenobiotics,Food Component/Plant
dihydroferulic acid sulfate,Xenobiotics,Food Component/Plant
dihydrokaempferol,Xenobiotics,Food Component/Plant
dihydroquercetin,Xenobiotics,Food Component/Plant
diosmetin,Xenobiotics,Food Component/Plant
dipicolinate,Xenobiotics,Food Component/Plant
enterolactone,Xenobiotics,Food Component/Plant
enterolactone sulfate,Xenobiotics,Food Component/Plant
epicatechin,Xenobiotics,Food Component/Plant
ergothioneine,Xenobiotics,Food Component/Plant
eriodictyol,Xenobiotics,Food Component/Plant
erythritol,Xenobiotics,Food Component/Plant
erythrose,Xenobiotics,Food Component/Plant
ferulate,Xenobiotics,Food Component/Plant
ferulic acid 4-sulfate,Xenobiotics,Food Component/Plant
feruloylquinate (1),Xenobiotics,Food Component/Plant
feruloylquinate (2),Xenobiotics,Food Component/Plant
feruloylquinate (3),Xenobiotics,Food Component/Plant
feruloylquinate (4),Xenobiotics,Food Component/Plant
feruloylquinate (5),Xenobiotics,Food Component/Plant
ferulylglycine (1),Xenobiotics,Food Component/Plant
ferulylglycine (2),Xenobiotics,Food Component/Plant
furaneol sulfate,Xenobiotics,Food Component/Plant
genistein,Xenobiotics,Food Component/Plant
ginkgolic acid C15:1,Xenobiotics,Food Component/Plant
glycyrrhetinate,Xenobiotics,Food Component/Plant
harmane,Xenobiotics,Food Component/Plant
hesperetin,Xenobiotics,Food Component/Plant
hesperidin,Xenobiotics,Food Component/Plant
histidine betaine (hercynine)*,Xenobiotics,Food Component/Plant
homostachydrine*,Xenobiotics,Food Component/Plant
indolin-2-one,Xenobiotics,Food Component/Plant
isovitexin,Xenobiotics,Food Component/Plant
levulinate (4-oxovalerate),Xenobiotics,Food Component/Plant
luteolin,Xenobiotics,Food Component/Plant
luteolin sulfate,Xenobiotics,Food Component/Plant
maltol,Xenobiotics,Food Component/Plant
mannonate*,Xenobiotics,Food Component/Plant
N-acetylpyrraline,Xenobiotics,Food Component/Plant
N-carboxymethylalanine,Xenobiotics,Food Component/Plant
"N1,N10-dicoumaroylspermidine",Xenobiotics,Food Component/Plant
naringenin,Xenobiotics,Food Component/Plant
nicotianamine,Xenobiotics,Food Component/Plant
NP-013098,Xenobiotics,Food Component/Plant
pheophorbide A,Xenobiotics,Food Component/Plant
pheophytin A,Xenobiotics,Food Component/Plant
phytanate,Xenobiotics,Food Component/Plant
piperine,Xenobiotics,Food Component/Plant
ponciretin,Xenobiotics,Food Component/Plant
pyrraline,Xenobiotics,Food Component/Plant
S-allylcysteine,Xenobiotics,Food Component/Plant
saccharin,Xenobiotics,Food Component/Plant
secoisolariciresinol,Xenobiotics,Food Component/Plant
solanidine,Xenobiotics,Food Component/Plant
soyasaponin I,Xenobiotics,Food Component/Plant
soyasaponin III,Xenobiotics,Food Component/Plant
steviol,Xenobiotics,Food Component/Plant
sucralose,Xenobiotics,Food Component/Plant
sulfate of piperine metabolite C16H17NO3 (1)*,Xenobiotics,Food Component/Plant
sulfate of piperine metabolite C16H19NO3 (1)*,Xenobiotics,Food Component/Plant
sulfate of piperine metabolite C16H19NO3 (2)*,Xenobiotics,Food Component/Plant
sulfate of piperine metabolite C16H19NO3 (3)*,Xenobiotics,Food Component/Plant
sulfate of piperine metabolite C16H19NO4 (4)*,Xenobiotics,Food Component/Plant
sulfate of piperine metabolite C18H21NO3 (1)*,Xenobiotics,Food Component/Plant
sulfate of piperine metabolite C18H21NO3 (3)*,Xenobiotics,Food Component/Plant
synephrine,Xenobiotics,Food Component/Plant
syringaldehyde,Xenobiotics,Food Component/Plant
syringic acid,Xenobiotics,Food Component/Plant
tartarate,Xenobiotics,Food Component/Plant
tartronate (hydroxymalonate),Xenobiotics,Food Component/Plant
theanine,Xenobiotics,Food Component/Plant
vanillate,Xenobiotics,Food Component/Plant
vanillic acid glycine,Xenobiotics,Food Component/Plant
vanillin,Xenobiotics,Food Component/Plant
vitexin,Xenobiotics,Food Component/Plant
"1,3,7-trimethylurate",Xenobiotics,Xanthine Metabolism
"1,3-dimethylurate",Xenobiotics,Xanthine Metabolism
"1,7-dimethylurate",Xenobiotics,Xanthine Metabolism
1-methylurate,Xenobiotics,Xanthine Metabolism
1-methylxanthine,Xenobiotics,Xanthine Metabolism
"3,7-dimethylurate",Xenobiotics,Xanthine Metabolism
3-methylurate*,Xenobiotics,Xanthine Metabolism
3-methylxanthine,Xenobiotics,Xanthine Metabolism
5-acetylamino-6-amino-3-methyluracil,Xenobiotics,Xanthine Metabolism
5-acetylamino-6-formylamino-3-methyluracil,Xenobiotics,Xanthine Metabolism
7-methylurate,Xenobiotics,Xanthine Metabolism
7-methylxanthine,Xenobiotics,Xanthine Metabolism
caffeine,Xenobiotics,Xanthine Metabolism
paraxanthine,Xenobiotics,Xanthine Metabolism
theobromine,Xenobiotics,Xanthine Metabolism
theophylline,Xenobiotics,Xanthine Metabolism
